name,year_raw,wins_raw,detail_url,scraped_at,goals_for_raw,wins,goals_for,year
Boston Bruins,1990,44,,2026-09-28T13:34:55+09:00,299,44,299,1990
Buffalo Sabres,1990,31,,2026-09-28T13:34:55+09:00,292,31,292,1990
Calgary Flames,1990,46,,2026-09-28T13:34:55+09:00,344,46,344,1990
Chicago Blackhawks,1990,49,,2026-09-28T13:34:55+09:00,284,49,284,1990
Detroit Red Wings,1990,34,,2026-09-28T13:34:55+09:00,273,34,273,1990
Edmonton Oilers,1990,37,,2026-09-28T13:34:55+09:00,272,37,272,1990
Hartford Whalers,1990,31,,2026-09-28T13:34:55+09:00,238,31,238,1990
Los Angeles Kings,1990,46,,2026-09-28T13:34:55+09:00,340,46,340,1990
Minnesota North Stars,1990,27,,2026-09-28T13:34:55+09:00,256,27,256,1990
Montreal Canadiens,1990,39,,2026-09-28T13:34:55+09:00,273,39,273,1990
New Jersey Devils,1990,32,,2026-09-28T13:34:55+09:00,272,32,272,1990
New York Islanders,1990,25,,2026-09-28T13:34:55+09:00,223,25,223,1990
New York Rangers,1990,36,,2026-09-28T13:34:55+09:00,297,36,297,1990
Philadelphia Flyers,1990,33,,2026-09-28T13:34:55+09:00,252,33,252,1990
Pittsburgh Penguins,1990,41,,2026-09-28T13:34:55+09:00,342,41,342,1990
Quebec Nordiques,1990,16,,2026-09-28T13:34:55+09:00,236,16,236,1990
St. Louis Blues,1990,47,,2026-09-28T13:34:55+09:00,310,47,310,1990
Toronto Maple Leafs,1990,23,,2026-09-28T13:34:55+09:00,241,23,241,1990
Vancouver Canucks,1990,28,,2026-09-28T13:34:55+09:00,243,28,243,1990
Washington Capitals,1990,37,,2026-09-28T13:34:55+09:00,258,37,258,1990
Winnipeg Jets,1990,26,,2026-09-28T13:34:55+09:00,260,26,260,1990
Boston Bruins,1991,36,,2026-09-28T13:34:55+09:00,270,36,270,1991
Buffalo Sabres,1991,31,,2026-09-28T13:34:55+09:00,289,31,289,1991
Calgary Flames,1991,31,,2026-09-28T13:34:55+09:00,296,31,296,1991
Chicago Blackhawks,1991,36,,2026-09-28T13:34:55+09:00,257,36,257,1991
Detroit Red Wings,1991,43,,2026-09-28T13:34:57+09:00,320,43,320,1991
Edmonton Oilers,1991,36,,2026-09-28T13:34:57+09:00,295,36,295,1991
Hartford Whalers,1991,26,,2026-09-28T13:34:57+09:00,247,26,247,1991
Los Angeles Kings,1991,35,,2026-09-28T13:34:57+09:00,287,35,287,1991
Minnesota North Stars,1991,32,,2026-09-28T13:34:57+09:00,246,32,246,1991
Montreal Canadiens,1991,41,,2026-09-28T13:34:57+09:00,267,41,267,1991
New Jersey Devils,1991,38,,2026-09-28T13:34:57+09:00,289,38,289,1991
New York Islanders,1991,34,,2026-09-28T13:34:57+09:00,291,34,291,1991
New York Rangers,1991,50,,2026-09-28T13:34:57+09:00,321,50,321,1991
Philadelphia Flyers,1991,32,,2026-09-28T13:34:57+09:00,252,32,252,1991
Pittsburgh Penguins,1991,39,,2026-09-28T13:34:57+09:00,343,39,343,1991
Quebec Nordiques,1991,20,,2026-09-28T13:34:57+09:00,255,20,255,1991
San Jose Sharks,1991,17,,2026-09-28T13:34:57+09:00,219,17,219,1991
St. Louis Blues,1991,36,,2026-09-28T13:34:57+09:00,279,36,279,1991
Toronto Maple Leafs,1991,30,,2026-09-28T13:34:57+09:00,234,30,234,1991
Vancouver Canucks,1991,42,,2026-09-28T13:34:57+09:00,285,42,285,1991
Washington Capitals,1991,45,,2026-09-28T13:34:57+09:00,330,45,330,1991
Winnipeg Jets,1991,33,,2026-09-28T13:34:57+09:00,251,33,251,1991
Boston Bruins,1992,51,,2026-09-28T13:34:57+09:00,332,51,332,1992
Buffalo Sabres,1992,38,,2026-09-28T13:34:57+09:00,335,38,335,1992
Calgary Flames,1992,43,,2026-09-28T13:34:57+09:00,322,43,322,1992
Chicago Blackhawks,1992,47,,2026-09-28T13:34:57+09:00,279,47,279,1992
Detroit Red Wings,1992,47,,2026-09-28T13:34:57+09:00,369,47,369,1992
Edmonton Oilers,1992,26,,2026-09-28T13:34:57+09:00,242,26,242,1992
Hartford Whalers,1992,26,,2026-09-28T13:34:57+09:00,284,26,284,1992
