name,year_raw,wins_raw,detail_url,scraped_at,goals_for_raw
Boston Bruins,1990,44,,2026-09-28T10:55:11+09:00,299
Buffalo Sabres,1990,31,,2026-09-28T10:55:11+09:00,292
Calgary Flames,1990,46,,2026-09-28T10:55:11+09:00,344
Chicago Blackhawks,1990,49,,2026-09-28T10:55:11+09:00,284
Detroit Red Wings,1990,34,,2026-09-28T10:55:11+09:00,273
Edmonton Oilers,1990,37,,2026-09-28T10:55:11+09:00,272
Hartford Whalers,1990,31,,2026-09-28T10:55:11+09:00,238
Los Angeles Kings,1990,46,,2026-09-28T10:55:11+09:00,340
Minnesota North Stars,1990,27,,2026-09-28T10:55:11+09:00,256
Montreal Canadiens,1990,39,,2026-09-28T10:55:11+09:00,273
New Jersey Devils,1990,32,,2026-09-28T10:55:11+09:00,272
New York Islanders,1990,25,,2026-09-28T10:55:11+09:00,223
New York Rangers,1990,36,,2026-09-28T10:55:11+09:00,297
Philadelphia Flyers,1990,33,,2026-09-28T10:55:11+09:00,252
Pittsburgh Penguins,1990,41,,2026-09-28T10:55:11+09:00,342
Quebec Nordiques,1990,16,,2026-09-28T10:55:11+09:00,236
St. Louis Blues,1990,47,,2026-09-28T10:55:11+09:00,310
Toronto Maple Leafs,1990,23,,2026-09-28T10:55:11+09:00,241
Vancouver Canucks,1990,28,,2026-09-28T10:55:11+09:00,243
Washington Capitals,1990,37,,2026-09-28T10:55:11+09:00,258
Winnipeg Jets,1990,26,,2026-09-28T10:55:11+09:00,260
Boston Bruins,1991,36,,2026-09-28T10:55:11+09:00,270
Buffalo Sabres,1991,31,,2026-09-28T10:55:11+09:00,289
Calgary Flames,1991,31,,2026-09-28T10:55:11+09:00,296
Chicago Blackhawks,1991,36,,2026-09-28T10:55:11+09:00,257
